task,ansatz,n_qubits,reps,entanglement,config,fold,test_subject,train_time,test_time,status,accuracy,precision,recall,f1
WESAD_binary_VQC,RealAmplitudes,3,1,linear,RealAmplitudes_n3_r1_linear,1,2,55.54,0.802,ok,0.5178571428571429,0.5178571428571429,0.5199146514935988,0.5050736497545009
WESAD_binary_VQC,RealAmplitudes,3,1,linear,RealAmplitudes_n3_r1_linear,2,3,72.64,0.8463,ok,0.47368421052631576,0.46029776674937967,0.45675675675675675,0.4533248081841432
WESAD_binary_VQC,RealAmplitudes,3,1,linear,RealAmplitudes_n3_r1_linear,3,4,72.94,0.8333,ok,0.6666666666666666,0.6693349753694582,0.6858108108108107,0.6599686028257457
WESAD_binary_VQC,RealAmplitudes,3,1,linear,RealAmplitudes_n3_r1_linear,4,5,72.15,0.8267,ok,0.6610169491525424,0.6439393939393939,0.6583333333333333,0.643719806763285
WESAD_binary_VQC,RealAmplitudes,3,1,linear,RealAmplitudes_n3_r1_linear,5,6,71.69,0.8565,ok,0.5254237288135594,0.4933574879227053,0.4931077694235589,0.4926289926289926
WESAD_binary_VQC,RealAmplitudes,3,1,linear,RealAmplitudes_n3_r1_linear,6,7,72.53,0.8683,ok,0.3728813559322034,0.35821759259259256,0.34294871794871795,0.3458195984417141
WESAD_binary_VQC,RealAmplitudes,3,1,linear,RealAmplitudes_n3_r1_linear,7,8,71.47,0.8797,ok,0.4576271186440678,0.43411764705882355,0.4298245614035088,0.42995169082125606
WESAD_binary_VQC,RealAmplitudes,3,1,linear,RealAmplitudes_n3_r1_linear,8,9,71.74,0.8484,ok,0.5862068965517241,0.5809523809523809,0.5894736842105264,0.5735294117647058
WESAD_binary_VQC,RealAmplitudes,3,1,linear,RealAmplitudes_n3_r1_linear,9,10,71.78,0.8689,ok,0.43333333333333335,0.4419642857142857,0.43779904306220097,0.4276094276094276
WESAD_binary_VQC,RealAmplitudes,3,1,linear,RealAmplitudes_n3_r1_linear,10,11,70.7,0.8418,ok,0.3220338983050847,0.3488943488943489,0.3458646616541353,0.3218390804597701
WESAD_binary_VQC,RealAmplitudes,3,1,linear,RealAmplitudes_n3_r1_linear,11,13,70.01,0.8447,ok,0.4576271186440678,0.45517241379310347,0.45112781954887216,0.4447058823529412
WESAD_binary_VQC,RealAmplitudes,3,1,linear,RealAmplitudes_n3_r1_linear,12,14,68.71,0.8425,ok,0.423728813559322,0.41087962962962965,0.40350877192982454,0.4029761904761905
WESAD_binary_VQC,RealAmplitudes,3,1,linear,RealAmplitudes_n3_r1_linear,13,15,70.48,0.871,ok,0.48333333333333334,0.43772893772893773,0.43899521531100477,0.43823618242222895
WESAD_binary_VQC,RealAmplitudes,3,1,linear,RealAmplitudes_n3_r1_linear,14,16,71.1,0.8677,ok,0.6229508196721312,0.625268817204301,0.6357808857808858,0.6163522012578616
WESAD_binary_VQC,RealAmplitudes,3,1,linear,RealAmplitudes_n3_r1_linear,15,17,71.44,0.873,ok,0.4918032786885246,0.4897849462365591,0.4891304347826087,0.4829094886519005
WESAD_binary_VQC,RealAmplitudes,3,1,circular,RealAmplitudes_n3_r1_circular,1,2,71.91,0.795,ok,0.42857142857142855,0.42273307790549164,0.4139402560455192,0.40974967061923584
WESAD_binary_VQC,RealAmplitudes,3,1,circular,RealAmplitudes_n3_r1_circular,2,3,73.66,0.8644,ok,0.47368421052631576,0.491875,0.49121621621621625,0.4696029776674938
WESAD_binary_VQC,RealAmplitudes,3,1,circular,RealAmplitudes_n3_r1_circular,3,4,73.15,0.8341,ok,0.40350877192982454,0.4384920634920635,0.4371621621621622,0.40332512315270935
WESAD_binary_VQC,RealAmplitudes,3,1,circular,RealAmplitudes_n3_r1_circular,4,5,72.84,0.8702,ok,0.6440677966101694,0.6141304347826086,0.6211538461538462,0.6158139534883721
WESAD_binary_VQC,RealAmplitudes,3,1,circular,RealAmplitudes_n3_r1_circular,5,6,70.9,0.8437,ok,0.3050847457627119,0.3074712643678161,0.2901002506265664,0.29206906643254316
WESAD_binary_VQC,RealAmplitudes,3,1,circular,RealAmplitudes_n3_r1_circular,6,7,74.79,1.0333,ok,0.559322033898305,0.5620689655172414,0.5692307692307692,0.5488235294117647
WESAD_binary_VQC,RealAmplitudes,3,1,circular,RealAmplitudes_n3_r1_circular,7,8,76.04,0.8662,ok,0.5084745762711864,0.49125874125874125,0.4906015037593985,0.4872640095894516
WESAD_binary_VQC,RealAmplitudes,3,1,circular,RealAmplitudes_n3_r1_circular,8,9,72.59,0.8449,ok,0.4827586206896552,0.4987980769230769,0.49868421052631584,0.47716346153846156
WESAD_binary_VQC,RealAmplitudes,3,1,circular,RealAmplitudes_n3_r1_circular,9,10,69.4,0.8617,ok,0.5666666666666667,0.5580357142857143,0.562200956937799,0.5542857142857143
WESAD_binary_VQC,RealAmplitudes,3,1,circular,RealAmplitudes_n3_r1_circular,10,11,70.77,0.8542,ok,0.3559322033898305,0.35344827586206895,0.34022556390977443,0.34058823529411764
WESAD_binary_VQC,RealAmplitudes,3,1,circular,RealAmplitudes_n3_r1_circular,11,13,71.87,0.8447,ok,0.3559322033898305,0.34259259259259256,0.32957393483709274,0.3327380952380952
WESAD_binary_VQC,RealAmplitudes,3,1,circular,RealAmplitudes_n3_r1_circular,12,14,72.28,0.8425,ok,0.4406779661016949,0.47101449275362317,0.4699248120300752,0.4400345125107852
WESAD_binary_VQC,RealAmplitudes,3,1,circular,RealAmplitudes_n3_r1_circular,13,15,73.86,0.9127,ok,0.65,0.638047138047138,0.6471291866028708,0.6378269617706237
WESAD_binary_VQC,RealAmplitudes,3,1,circular,RealAmplitudes_n3_r1_circular,14,16,75.54,0.8802,ok,0.5901639344262295,0.6022727272727273,0.6101398601398601,0.5861601085481682
WESAD_binary_VQC,RealAmplitudes,3,1,circular,RealAmplitudes_n3_r1_circular,15,17,71.96,0.8922,ok,0.4426229508196721,0.4673423423423424,0.4668192219679633,0.4424731182795699
WESAD_binary_VQC,RealAmplitudes,4,1,linear,RealAmplitudes_n4_r1_linear,1,2,83.72,0.9577,ok,0.3392857142857143,0.35,0.33357041251778097,0.32879818594104304
WESAD_binary_VQC,RealAmplitudes,4,1,linear,RealAmplitudes_n4_r1_linear,2,3,84.18,0.9478,ok,0.5964912280701754,0.5703324808184144,0.5743243243243243,0.5705863085489682
WESAD_binary_VQC,RealAmplitudes,4,1,linear,RealAmplitudes_n4_r1_linear,3,4,83.64,0.9785,ok,0.5964912280701754,0.5991379310344828,0.6087837837837837,0.5883830455259027
WESAD_binary_VQC,RealAmplitudes,4,1,linear,RealAmplitudes_n4_r1_linear,4,5,62.36,0.1945,ok,0.6440677966101694,0.6223529411764706,0.6333333333333333,0.6228310502283105
WESAD_binary_VQC,RealAmplitudes,4,1,linear,RealAmplitudes_n4_r1_linear,5,6,83.59,1.0431,ok,0.4576271186440678,0.44502314814814814,0.44047619047619047,0.4380952380952381
WESAD_binary_VQC,RealAmplitudes,4,1,linear,RealAmplitudes_n4_r1_linear,6,7,85.91,0.9761,ok,0.6440677966101694,0.606516290726817,0.608974358974359,0.6075388026607539
WESAD_binary_VQC,RealAmplitudes,4,1,linear,RealAmplitudes_n4_r1_linear,7,8,84.01,0.9988,ok,0.4406779661016949,0.443103448275862,0.43796992481203006,0.4302019315188762
WESAD_binary_VQC,RealAmplitudes,4,1,linear,RealAmplitudes_n4_r1_linear,8,9,83.76,0.987,ok,0.5344827586206896,0.5344827586206897,0.5381578947368422,0.5229972586049345
WESAD_binary_VQC,RealAmplitudes,4,1,linear,RealAmplitudes_n4_r1_linear,9,10,84.2,0.994,ok,0.6166666666666667,0.5904817861339601,0.5921052631578947,0.5911111111111111
WESAD_binary_VQC,RealAmplitudes,4,1,linear,RealAmplitudes_n4_r1_linear,10,11,84.31,1.0012,ok,0.5084745762711864,0.5422705314009661,0.5438596491228069,0.5079091170549324
WESAD_binary_VQC,RealAmplitudes,4,1,linear,RealAmplitudes_n4_r1_linear,11,13,84.85,1.0033,ok,0.5423728813559322,0.5448275862068965,0.5488721804511278,0.533801580333626
WESAD_binary_VQC,RealAmplitudes,4,1,linear,RealAmplitudes_n4_r1_linear,12,14,84.29,1.0109,ok,0.6440677966101694,0.6214285714285714,0.6278195488721805,0.6228310502283105
WESAD_binary_VQC,RealAmplitudes,4,1,linear,RealAmplitudes_n4_r1_linear,13,15,85.16,0.9802,ok,0.48333333333333334,0.49663299663299665,0.4964114832535885,0.47972027972027975
WESAD_binary_VQC,RealAmplitudes,4,1,linear,RealAmplitudes_n4_r1_linear,14,16,84.25,1.0037,ok,0.6229508196721312,0.6352813852813852,0.6456876456876457,0.6192672998643147
WESAD_binary_VQC,RealAmplitudes,4,1,linear,RealAmplitudes_n4_r1_linear,15,17,83.93,1.0168,ok,0.5409836065573771,0.5514069264069265,0.5543478260869565,0.5378787878787878
WESAD_binary_VQC,RealAmplitudes,4,1,circular,RealAmplitudes_n4_r1_circular,1,2,84.7,0.9532,ok,0.5178571428571429,0.5178571428571429,0.5199146514935988,0.5050736497545009
WESAD_binary_VQC,RealAmplitudes,4,1,circular,RealAmplitudes_n4_r1_circular,2,3,84.2,0.9424,ok,0.49122807017543857,0.49384236453201974,0.49324324324324326,0.48100470957613817
WESAD_binary_VQC,RealAmplitudes,4,1,circular,RealAmplitudes_n4_r1_circular,3,4,82.52,0.9548,ok,0.5614035087719298,0.5871212121212122,0.5932432432432433,0.5592329106093412
WESAD_binary_VQC,RealAmplitudes,4,1,circular,RealAmplitudes_n4_r1_circular,4,5,85.44,0.991,ok,0.6440677966101694,0.5993421052631579,0.5967948717948718,0.5978578383641675
WESAD_binary_VQC,RealAmplitudes,4,1,circular,RealAmplitudes_n4_r1_circular,5,6,85.44,1.001,ok,0.5084745762711864,0.49125874125874125,0.4906015037593985,0.4872640095894516
WESAD_binary_VQC,RealAmplitudes,4,1,circular,RealAmplitudes_n4_r1_circular,6,7,84.06,1.0025,ok,0.5423728813559322,0.539655172413793,0.5442307692307693,0.5288376220053239
WESAD_binary_VQC,RealAmplitudes,4,1,circular,RealAmplitudes_n4_r1_circular,7,8,85.07,1.0071,ok,0.4745762711864407,0.5066425120772947,0.5068922305764412,0.47397181478285877
WESAD_binary_VQC,RealAmplitudes,4,1,circular,RealAmplitudes_n4_r1_circular,8,9,85.55,0.9751,ok,0.5689655172413793,0.5484848484848486,0.5526315789473684,0.5461658841940532
WESAD_binary_VQC,RealAmplitudes,4,1,circular,RealAmplitudes_n4_r1_circular,9,10,83.39,1.0492,ok,0.5,0.5089285714285714,0.5095693779904306,0.4949494949494949
WESAD_binary_VQC,RealAmplitudes,4,1,circular,RealAmplitudes_n4_r1_circular,10,11,83.79,0.9842,ok,0.4406779661016949,0.4805764411027569,0.4805764411027569,0.4406779661016949
WESAD_binary_VQC,RealAmplitudes,4,1,circular,RealAmplitudes_n4_r1_circular,11,13,87.77,1.1017,ok,0.4745762711864407,0.4770114942528736,0.474937343358396,0.46473514779045944
WESAD_binary_VQC,RealAmplitudes,4,1,circular,RealAmplitudes_n4_r1_circular,12,14,91.21,1.0096,ok,0.6271186440677966,0.6002415458937198,0.6040100250626567,0.6013513513513513
WESAD_binary_VQC,RealAmplitudes,4,1,circular,RealAmplitudes_n4_r1_circular,13,15,85.81,1.0573,ok,0.4666666666666667,0.4575892857142857,0.4545454545454546,0.4514285714285714
WESAD_binary_VQC,RealAmplitudes,4,1,circular,RealAmplitudes_n4_r1_circular,14,16,69.34,0.5259,ok,0.32786885245901637,0.32058189655172414,0.30594405594405594,0.3093068213200773
WESAD_binary_VQC,RealAmplitudes,4,1,circular,RealAmplitudes_n4_r1_circular,15,17,44.52,0.5364,ok,0.5081967213114754,0.5102150537634409,0.5108695652173914,0.5016339869281046
WESAD_binary_VQC,EfficientSU2,3,1,linear,EfficientSU2_n3_r1_linear,1,2,40.39,0.4286,ok,0.4642857142857143,0.45849297573435505,0.45376955903271693,0.44664031620553357
WESAD_binary_VQC,EfficientSU2,3,1,linear,EfficientSU2_n3_r1_linear,2,3,40.87,0.4639,ok,0.45614035087719296,0.44814814814814813,0.44324324324324327,0.4388694823753573
WESAD_binary_VQC,EfficientSU2,3,1,linear,EfficientSU2_n3_r1_linear,3,4,41.03,0.4058,ok,0.543859649122807,0.541256157635468,0.5452702702702703,0.5321969696969697
WESAD_binary_VQC,EfficientSU2,3,1,linear,EfficientSU2_n3_r1_linear,4,5,40.54,0.471,ok,0.576271186440678,0.5630787037037037,0.5698717948717948,0.5579862151633204
WESAD_binary_VQC,EfficientSU2,3,1,linear,EfficientSU2_n3_r1_linear,5,6,39.62,0.4995,ok,0.6610169491525424,0.6256578947368421,0.6196741854636592,0.6217948717948718
WESAD_binary_VQC,EfficientSU2,3,1,linear,EfficientSU2_n3_r1_linear,6,7,40.2,0.4401,ok,0.4406779661016949,0.42650462962962965,0.41858974358974355,0.41654180401558283
WESAD_binary_VQC,EfficientSU2,3,1,linear,EfficientSU2_n3_r1_linear,7,8,39.53,0.4536,ok,0.4067796610169492,0.4353864734299517,0.4329573934837093,0.4060972102387115
WESAD_binary_VQC,EfficientSU2,3,1,linear,EfficientSU2_n3_r1_linear,8,9,40.54,0.4678,ok,0.5689655172413793,0.5689655172413793,0.5763157894736842,0.5583307950045691
WESAD_binary_VQC,EfficientSU2,3,1,linear,EfficientSU2_n3_r1_linear,9,10,40.86,0.4779,ok,0.5166666666666667,0.5033670033670034,0.5035885167464115,0.49985628054038517
WESAD_binary_VQC,EfficientSU2,3,1,linear,EfficientSU2_n3_r1_linear,10,11,41.58,0.5031,ok,0.4067796610169492,0.4270588235294118,0.4223057644110275,0.40404040404040403
WESAD_binary_VQC,EfficientSU2,3,1,linear,EfficientSU2_n3_r1_linear,11,13,40.17,0.4224,ok,0.4915254237288136,0.5087412587412588,0.5093984962406015,0.4878472222222222
WESAD_binary_VQC,EfficientSU2,3,1,linear,EfficientSU2_n3_r1_linear,12,14,40.16,0.4411,ok,0.5423728813559322,0.5160714285714285,0.5169172932330827,0.5150684931506849
WESAD_binary_VQC,EfficientSU2,3,1,linear,EfficientSU2_n3_r1_linear,13,15,40.48,0.5219,ok,0.4166666666666667,0.41212458286985537,0.4055023923444976,0.4032395566922421
WESAD_binary_VQC,EfficientSU2,3,1,linear,EfficientSU2_n3_r1_linear,14,16,40.35,0.4923,ok,0.5573770491803278,0.5912162162162162,0.5944055944055944,0.5569007263922519
WESAD_binary_VQC,EfficientSU2,3,1,linear,EfficientSU2_n3_r1_linear,15,17,40.36,0.4716,ok,0.45901639344262296,0.46497844827586204,0.46281464530892447,0.4537313432835821
WESAD_binary_VQC,EfficientSU2,3,1,circular,EfficientSU2_n3_r1_circular,1,2,40.71,0.4479,ok,0.4107142857142857,0.39871794871794874,0.387624466571835,0.38706467661691546
WESAD_binary_VQC,EfficientSU2,3,1,circular,EfficientSU2_n3_r1_circular,2,3,40.55,0.5175,ok,0.5964912280701754,0.5888888888888888,0.5972972972972973,0.5836773578913941
WESAD_binary_VQC,EfficientSU2,3,1,circular,EfficientSU2_n3_r1_circular,3,4,40.4,0.4761,ok,0.543859649122807,0.563125,0.5682432432432433,0.5403225806451613
WESAD_binary_VQC,EfficientSU2,3,1,circular,EfficientSU2_n3_r1_circular,4,5,40.15,0.4672,ok,0.6949152542372882,0.6558265582655827,0.6474358974358974,0.6506578947368421
WESAD_binary_VQC,EfficientSU2,3,1,circular,EfficientSU2_n3_r1_circular,5,6,40.69,0.4464,ok,0.3389830508474576,0.33122119815668205,0.3164160401002506,0.31943212067435667
WESAD_binary_VQC,EfficientSU2,3,1,circular,EfficientSU2_n3_r1_circular,6,7,35.4,0.4819,ok,0.423728813559322,0.4264367816091954,0.41794871794871796,0.41000000000000003
WESAD_binary_VQC,EfficientSU2,3,1,circular,EfficientSU2_n3_r1_circular,7,8,40.44,0.5152,ok,0.4745762711864407,0.4568764568764569,0.45363408521303256,0.4519029068025172
WESAD_binary_VQC,EfficientSU2,3,1,circular,EfficientSU2_n3_r1_circular,8,9,40.83,0.5041,ok,0.5172413793103449,0.5580808080808081,0.5605263157894737,0.5166666666666666
WESAD_binary_VQC,EfficientSU2,3,1,circular,EfficientSU2_n3_r1_circular,9,10,41.84,0.5401,ok,0.5333333333333333,0.5424107142857143,0.5454545454545454,0.5286195286195287
WESAD_binary_VQC,EfficientSU2,3,1,circular,EfficientSU2_n3_r1_circular,10,11,41.25,0.4904,ok,0.4576271186440678,0.47435897435897434,0.4724310776942356,0.4537037037037037
WESAD_binary_VQC,EfficientSU2,3,1,circular,EfficientSU2_n3_r1_circular,11,13,41.1,0.4469,ok,0.5084745762711864,0.5208333333333333,0.5225563909774436,0.5033381712626996
WESAD_binary_VQC,EfficientSU2,3,1,circular,EfficientSU2_n3_r1_circular,12,14,40.71,0.483,ok,0.6610169491525424,0.6256578947368421,0.6196741854636592,0.6217948717948718
WESAD_binary_VQC,EfficientSU2,3,1,circular,EfficientSU2_n3_r1_circular,13,15,39.89,0.4872,ok,0.5333333333333333,0.5333333333333333,0.5358851674641147,0.5248868778280543
WESAD_binary_VQC,EfficientSU2,3,1,circular,EfficientSU2_n3_r1_circular,14,16,40.46,0.5143,ok,0.5573770491803278,0.5796703296703296,0.5844988344988344,0.5554655870445344
WESAD_binary_VQC,EfficientSU2,3,1,circular,EfficientSU2_n3_r1_circular,15,17,40.7,0.5305,ok,0.5409836065573771,0.5272331154684096,0.528604118993135,0.5255555555555556
WESAD_binary_VQC,EfficientSU2,4,1,linear,EfficientSU2_n4_r1_linear,1,2,48.5,0.5485,ok,0.5,0.5296442687747036,0.5320056899004267,0.49743589743589745
WESAD_binary_VQC,EfficientSU2,4,1,linear,EfficientSU2_n4_r1_linear,2,3,48.7,0.5625,ok,0.49122807017543857,0.5043424317617866,0.5047297297297297,0.48552754435107376
WESAD_binary_VQC,EfficientSU2,4,1,linear,EfficientSU2_n4_r1_linear,3,4,47.08,0.5751,ok,0.47368421052631576,0.4814814814814815,0.4797297297297297,0.465625
WESAD_binary_VQC,EfficientSU2,4,1,linear,EfficientSU2_n4_r1_linear,4,5,48.3,0.5597,ok,0.559322033898305,0.5858823529411765,0.5935897435897436,0.5561342592592593
WESAD_binary_VQC,EfficientSU2,4,1,linear,EfficientSU2_n4_r1_linear,5,6,47.82,0.5771,ok,0.5084745762711864,0.49125874125874125,0.4906015037593985,0.4872640095894516
WESAD_binary_VQC,EfficientSU2,4,1,linear,EfficientSU2_n4_r1_linear,6,7,48.12,0.5204,ok,0.5423728813559322,0.539655172413793,0.5442307692307693,0.5288376220053239
WESAD_binary_VQC,EfficientSU2,4,1,linear,EfficientSU2_n4_r1_linear,7,8,47.78,0.5591,ok,0.3389830508474576,0.36967418546365916,0.36967418546365916,0.3389830508474576
WESAD_binary_VQC,EfficientSU2,4,1,linear,EfficientSU2_n4_r1_linear,8,9,48.99,0.5619,ok,0.5172413793103449,0.4901960784313726,0.48947368421052634,0.4873737373737374
WESAD_binary_VQC,EfficientSU2,4,1,linear,EfficientSU2_n4_r1_linear,9,10,48.72,0.6132,ok,0.4666666666666667,0.4575892857142857,0.4545454545454546,0.4514285714285714
WESAD_binary_VQC,EfficientSU2,4,1,linear,EfficientSU2_n4_r1_linear,10,11,47.54,0.5672,ok,0.5423728813559322,0.5256410256410257,0.5275689223057645,0.522625112376386
WESAD_binary_VQC,EfficientSU2,4,1,linear,EfficientSU2_n4_r1_linear,11,13,48.53,0.5041,ok,0.5932203389830508,0.5908045977011493,0.5989974937343359,0.5835294117647059
WESAD_binary_VQC,EfficientSU2,4,1,linear,EfficientSU2_n4_r1_linear,12,14,47.88,0.597,ok,0.576271186440678,0.5600233100233101,0.5645363408521303,0.5579862151633204
WESAD_binary_VQC,EfficientSU2,4,1,linear,EfficientSU2_n4_r1_linear,13,15,48.34,0.5467,ok,0.5,0.4910714285714286,0.49043062200956933,0.4857142857142857
WESAD_binary_VQC,EfficientSU2,4,1,linear,EfficientSU2_n4_r1_linear,14,16,47.25,0.5587,ok,0.6557377049180327,0.6416122004357299,0.6515151515151515,0.6418786692759295
WESAD_binary_VQC,EfficientSU2,4,1,linear,EfficientSU2_n4_r1_linear,15,17,47.8,0.5898,ok,0.4426229508196721,0.45989010989010987,0.4582379862700229,0.4412715517241379
WESAD_binary_VQC,EfficientSU2,4,1,circular,EfficientSU2_n4_r1_circular,1,2,48.02,0.5638,ok,0.5178571428571429,0.5064102564102564,0.5071123755334281,0.49850746268656715
WESAD_binary_VQC,EfficientSU2,4,1,circular,EfficientSU2_n4_r1_circular,2,3,48.03,0.4853,ok,0.49122807017543857,0.4833333333333333,0.4817567567567568,0.47507145125436645
WESAD_binary_VQC,EfficientSU2,4,1,circular,EfficientSU2_n4_r1_circular,3,4,47.25,0.5325,ok,0.40350877192982454,0.40086206896551724,0.3912162162162162,0.3882575757575758
WESAD_binary_VQC,EfficientSU2,4,1,circular,EfficientSU2_n4_r1_circular,4,5,49.19,0.5809,ok,0.7796610169491526,0.757703081232493,0.735897435897436,0.7440774107440774
WESAD_binary_VQC,EfficientSU2,4,1,circular,EfficientSU2_n4_r1_circular,5,6,49.08,0.4955,ok,0.5423728813559322,0.45396825396825397,0.46365914786967416,0.4516351118760757
WESAD_binary_VQC,EfficientSU2,4,1,circular,EfficientSU2_n4_r1_circular,6,7,48.16,0.5719,ok,0.5084745762711864,0.5167050691244239,0.5185897435897436,0.4992683640620427
WESAD_binary_VQC,EfficientSU2,4,1,circular,EfficientSU2_n4_r1_circular,7,8,48.38,0.5487,ok,0.423728813559322,0.39941176470588236,0.39285714285714285,0.3943236714975845
WESAD_binary_VQC,EfficientSU2,4,1,circular,EfficientSU2_n4_r1_circular,8,9,48.21,0.5886,ok,0.6206896551724138,0.6154761904761905,0.6276315789473684,0.6090686274509804
WESAD_binary_VQC,EfficientSU2,4,1,circular,EfficientSU2_n4_r1_circular,9,10,47.81,0.6098,ok,0.38333333333333336,0.4157509157509158,0.41746411483253587,0.38316198944151153
WESAD_binary_VQC,EfficientSU2,4,1,circular,EfficientSU2_n4_r1_circular,10,11,45.48,0.2206,ok,0.6101694915254238,0.6232638888888888,0.6334586466165414,0.6060957910014514
WESAD_binary_VQC,EfficientSU2,4,1,circular,EfficientSU2_n4_r1_circular,11,13,46.37,0.5732,ok,0.5254237288135594,0.5328341013824884,0.5357142857142857,0.5186480186480187
WESAD_binary_VQC,EfficientSU2,4,1,circular,EfficientSU2_n4_r1_circular,12,14,49.03,0.5653,ok,0.6271186440677966,0.6002415458937198,0.6040100250626567,0.6013513513513513
WESAD_binary_VQC,EfficientSU2,4,1,circular,EfficientSU2_n4_r1_circular,13,15,49.1,0.6066,ok,0.43333333333333335,0.43333333333333335,0.42822966507177035,0.4230769230769231
WESAD_binary_VQC,EfficientSU2,4,1,circular,EfficientSU2_n4_r1_circular,14,16,48.36,0.583,ok,0.45901639344262296,0.419908466819222,0.4184149184149184,0.419047619047619
WESAD_binary_VQC,EfficientSU2,4,1,circular,EfficientSU2_n4_r1_circular,15,17,48.36,0.5513,ok,0.4262295081967213,0.44666666666666666,0.44508009153318073,0.4256120527306968
WESAD_3class_VQC,RealAmplitudes,3,1,linear,RealAmplitudes_n3_r1_linear,1,2,52.14,0.523,ok,0.6268656716417911,0.4112903225806452,0.5064011379800853,0.4465753424657534
WESAD_3class_VQC,RealAmplitudes,3,1,linear,RealAmplitudes_n3_r1_linear,2,3,53.65,0.504,ok,0.5,0.3287037037037037,0.3981981981981982,0.3547593958552862
WESAD_3class_VQC,RealAmplitudes,3,1,linear,RealAmplitudes_n3_r1_linear,3,4,53.21,0.4914,ok,0.39705882352941174,0.27853056308340857,0.3427927927927928,0.2879098360655738
WESAD_3class_VQC,RealAmplitudes,3,1,linear,RealAmplitudes_n3_r1_linear,4,5,53.62,0.4914,ok,0.5428571428571428,0.3219954648526077,0.3816239316239316,0.348669623059867
WESAD_3class_VQC,RealAmplitudes,3,1,linear,RealAmplitudes_n3_r1_linear,5,6,52.8,0.5183,ok,0.45714285714285713,0.30476190476190473,0.3659147869674186,0.32550554468362686
WESAD_3class_VQC,RealAmplitudes,3,1,linear,RealAmplitudes_n3_r1_linear,6,7,54.33,0.539,ok,0.5857142857142857,0.3904761904761905,0.47222222222222215,0.416052416052416
WESAD_3class_VQC,RealAmplitudes,3,1,linear,RealAmplitudes_n3_r1_linear,7,8,53.81,0.5135,ok,0.4142857142857143,0.2888888888888889,0.33959899749373434,0.2978142076502732
WESAD_3class_VQC,RealAmplitudes,3,1,linear,RealAmplitudes_n3_r1_linear,8,9,51.91,0.5628,ok,0.4142857142857143,0.2809172809172809,0.3412280701754386,0.29766905526727616
WESAD_3class_VQC,RealAmplitudes,3,1,linear,RealAmplitudes_n3_r1_linear,9,10,53.3,0.4538,ok,0.323943661971831,0.22088675213675213,0.26555023923444976,0.2330991412958626
WESAD_3class_VQC,RealAmplitudes,3,1,linear,RealAmplitudes_n3_r1_linear,10,11,52.53,0.5283,ok,0.5428571428571428,0.34931314830389687,0.418546365914787,0.3794092827004219
WESAD_3class_VQC,RealAmplitudes,3,1,linear,RealAmplitudes_n3_r1_linear,11,13,54.81,0.4927,ok,0.42857142857142855,0.29276315789473684,0.3483709273182957,0.30702179176755445
WESAD_3class_VQC,RealAmplitudes,3,1,linear,RealAmplitudes_n3_r1_linear,12,14,52.23,0.6423,ok,0.3142857142857143,0.20952380952380953,0.24269005847953218,0.22031963470319635
WESAD_3class_VQC,RealAmplitudes,3,1,linear,RealAmplitudes_n3_r1_linear,13,15,53.78,0.5272,ok,0.38028169014084506,0.25943646996278574,0.30063795853269537,0.270735524256651
WESAD_3class_VQC,RealAmplitudes,3,1,linear,RealAmplitudes_n3_r1_linear,14,16,52.62,0.5329,ok,0.4861111111111111,0.3240740740740741,0.38500388500388505,0.3449808429118774
WESAD_3class_VQC,RealAmplitudes,3,1,linear,RealAmplitudes_n3_r1_linear,15,17,52.87,0.5388,ok,0.4166666666666667,0.2701285077366902,0.32036613272311215,0.29223316143147365
WESAD_3class_VQC,RealAmplitudes,3,1,circular,RealAmplitudes_n3_r1_circular,1,2,53.18,0.4778,ok,0.4626865671641791,0.3034647550776583,0.3731626363205311,0.3293150684931507
WESAD_3class_VQC,RealAmplitudes,3,1,circular,RealAmplitudes_n3_r1_circular,2,3,54.38,0.5271,ok,0.35294117647058826,0.23958333333333334,0.28513513513513516,0.2520703933747412
WESAD_3class_VQC,RealAmplitudes,3,1,circular,RealAmplitudes_n3_r1_circular,3,4,54.32,0.4838,ok,0.39705882352941174,0.26695526695526695,0.31981981981981983,0.2831168831168831
WESAD_3class_VQC,RealAmplitudes,3,1,circular,RealAmplitudes_n3_r1_circular,4,5,54.35,0.5148,ok,0.5428571428571428,0.33481481481481484,0.39786324786324784,0.36349206349206353
WESAD_3class_VQC,RealAmplitudes,3,1,circular,RealAmplitudes_n3_r1_circular,5,6,53.01,0.5373,ok,0.6,0.39285714285714285,0.47493734335839594,0.42908163265306126
WESAD_3class_VQC,RealAmplitudes,3,1,circular,RealAmplitudes_n3_r1_circular,6,7,56.16,0.5807,ok,0.5,0.32561345464571273,0.39658119658119656,0.3534439416792358
WESAD_3class_VQC,RealAmplitudes,3,1,circular,RealAmplitudes_n3_r1_circular,7,8,56.84,0.55,ok,0.45714285714285713,0.30476190476190473,0.373015873015873,0.3282778864970646
WESAD_3class_VQC,RealAmplitudes,3,1,circular,RealAmplitudes_n3_r1_circular,8,9,58.05,0.5568,ok,0.5142857142857142,0.3428571428571428,0.41052631578947363,0.36463262764632626
WESAD_3class_VQC,RealAmplitudes,3,1,circular,RealAmplitudes_n3_r1_circular,9,10,57.2,0.5486,ok,0.39436619718309857,0.25890483785220625,0.30940988835725675,0.27910685805422647
WESAD_3class_VQC,RealAmplitudes,3,1,circular,RealAmplitudes_n3_r1_circular,10,11,57.66,0.5421,ok,0.5571428571428572,0.3833333333333333,0.4699248120300752,0.4026036644165863
WESAD_3class_VQC,RealAmplitudes,3,1,circular,RealAmplitudes_n3_r1_circular,11,13,57.14,0.4799,ok,0.38571428571428573,0.2554466230936819,0.30785296574770254,0.2743652743652744
WESAD_3class_VQC,RealAmplitudes,3,1,circular,RealAmplitudes_n3_r1_circular,12,14,57.32,0.5356,ok,0.37142857142857144,0.2494553376906318,0.29908103592314117,0.2651072124756335
WESAD_3class_VQC,RealAmplitudes,3,1,circular,RealAmplitudes_n3_r1_circular,13,15,57.71,0.5526,ok,0.4225352112676056,0.3035914702581369,0.35247208931419455,0.30551670551670557
WESAD_3class_VQC,RealAmplitudes,3,1,circular,RealAmplitudes_n3_r1_circular,14,16,47.38,0.1872,ok,0.4305555555555556,0.2966168371361133,0.35742035742035744,0.3100529100529101
WESAD_3class_VQC,RealAmplitudes,3,1,circular,RealAmplitudes_n3_r1_circular,15,17,20.4,0.1754,ok,0.3472222222222222,0.24521374246000524,0.27078565980167807,0.24833937198067635
WESAD_3class_VQC,RealAmplitudes,4,1,linear,RealAmplitudes_n4_r1_linear,1,2,21.69,0.2033,ok,0.5074626865671642,0.3233270794246404,0.39165481270744423,0.35327635327635326
WESAD_3class_VQC,RealAmplitudes,4,1,linear,RealAmplitudes_n4_r1_linear,2,3,21.83,0.2105,ok,0.39705882352941174,0.2785714285714285,0.3351351351351351,0.2871794871794872
WESAD_3class_VQC,RealAmplitudes,4,1,linear,RealAmplitudes_n4_r1_linear,3,4,24.48,0.2055,ok,0.5,0.33535353535353535,0.4135135135135135,0.36017316017316015
WESAD_3class_VQC,RealAmplitudes,4,1,linear,RealAmplitudes_n4_r1_linear,4,5,23.39,0.2258,ok,0.5428571428571428,0.3459489767311466,0.41410256410256413,0.37465986394557826
WESAD_3class_VQC,RealAmplitudes,4,1,linear,RealAmplitudes_n4_r1_linear,5,6,23.91,0.2576,ok,0.34285714285714286,0.23519736842105263,0.27443609022556387,0.24455205811138014
WESAD_3class_VQC,RealAmplitudes,4,1,linear,RealAmplitudes_n4_r1_linear,6,7,23.53,0.2116,ok,0.2857142857142857,0.18790849673202614,0.21153846153846154,0.19506172839506175
WESAD_3class_VQC,RealAmplitudes,4,1,linear,RealAmplitudes_n4_r1_linear,7,8,25.45,0.1873,ok,0.5142857142857142,0.32041343669250644,0.37969924812030076,0.34722222222222215
WESAD_3class_VQC,RealAmplitudes,4,1,linear,RealAmplitudes_n4_r1_linear,8,9,22.32,0.2212,ok,0.3142857142857143,0.22435897435897437,0.2798245614035088,0.22916666666666666
WESAD_3class_VQC,RealAmplitudes,4,1,linear,RealAmplitudes_n4_r1_linear,9,10,24.9,0.2232,ok,0.4647887323943662,0.308994708994709,0.372408293460925,0.33222696380591116
WESAD_3class_VQC,RealAmplitudes,4,1,linear,RealAmplitudes_n4_r1_linear,10,11,22.41,0.1923,ok,0.4142857142857143,0.2833333333333333,0.3538011695906433,0.3000642880102861
WESAD_3class_VQC,RealAmplitudes,4,1,linear,RealAmplitudes_n4_r1_linear,11,13,21.48,0.1981,ok,0.38571428571428573,0.2631578947368421,0.31495405179615704,0.2766747376916869
WESAD_3class_VQC,RealAmplitudes,4,1,linear,RealAmplitudes_n4_r1_linear,12,14,22.11,0.2203,ok,0.45714285714285713,0.3138888888888889,0.38721804511278196,0.33060109289617484
WESAD_3class_VQC,RealAmplitudes,4,1,linear,RealAmplitudes_n4_r1_linear,13,15,23.34,0.2179,ok,0.4225352112676056,0.294579945799458,0.34609250398724084,0.30423280423280424
WESAD_3class_VQC,RealAmplitudes,4,1,linear,RealAmplitudes_n4_r1_linear,14,16,22.64,0.2127,ok,0.375,0.25718725718725716,0.29681429681429683,0.2666970248937462
WESAD_3class_VQC,RealAmplitudes,4,1,linear,RealAmplitudes_n4_r1_linear,15,17,22.37,0.2256,ok,0.3472222222222222,0.225,0.26506483600305114,0.24226884226884227
WESAD_3class_VQC,RealAmplitudes,4,1,circular,RealAmplitudes_n4_r1_circular,1,2,24.73,0.2094,ok,0.29850746268656714,0.19265232974910396,0.22285443338074917,0.20365296803652969
WESAD_3class_VQC,RealAmplitudes,4,1,circular,RealAmplitudes_n4_r1_circular,2,3,23.54,0.2105,ok,0.5294117647058824,0.3394383394383394,0.40855855855855855,0.37039075399009364
WESAD_3class_VQC,RealAmplitudes,4,1,circular,RealAmplitudes_n4_r1_circular,3,4,23.46,0.2145,ok,0.4117647058823529,0.27777777777777773,0.3441441441441442,0.2974465148378192
WESAD_3class_VQC,RealAmplitudes,4,1,circular,RealAmplitudes_n4_r1_circular,4,5,23.01,0.2299,ok,0.37142857142857144,0.24297024297024297,0.2871794871794872,0.2585236676597153
WESAD_3class_VQC,RealAmplitudes,4,1,circular,RealAmplitudes_n4_r1_circular,5,6,23.59,0.2442,ok,0.37142857142857144,0.24761904761904763,0.29908103592314117,0.2651663405088063
WESAD_3class_VQC,RealAmplitudes,4,1,circular,RealAmplitudes_n4_r1_circular,6,7,24.55,0.2206,ok,0.42857142857142855,0.30445752733389403,0.35384615384615387,0.3076181292189007
WESAD_3class_VQC,RealAmplitudes,4,1,circular,RealAmplitudes_n4_r1_circular,7,8,23.56,0.219,ok,0.42857142857142855,0.2722222222222222,0.31996658312447784,0.29260935143288086
WESAD_3class_VQC,RealAmplitudes,4,1,circular,RealAmplitudes_n4_r1_circular,8,9,22.42,0.1915,ok,0.45714285714285713,0.2916666666666667,0.3517543859649123,0.3165811965811966
WESAD_3class_VQC,RealAmplitudes,4,1,circular,RealAmplitudes_n4_r1_circular,9,10,25.09,0.2306,ok,0.4507042253521127,0.31089217296113847,0.3827751196172249,0.32587064676616917
WESAD_3class_VQC,RealAmplitudes,4,1,circular,RealAmplitudes_n4_r1_circular,10,11,23.54,0.2223,ok,0.37142857142857144,0.26587301587301587,0.30618212197159567,0.2679172679172679
WESAD_3class_VQC,RealAmplitudes,4,1,circular,RealAmplitudes_n4_r1_circular,11,13,25.76,0.2452,ok,0.44285714285714284,0.2777777777777778,0.3287385129490393,0.3005102040816326
WESAD_3class_VQC,RealAmplitudes,4,1,circular,RealAmplitudes_n4_r1_circular,12,14,26.53,0.2527,ok,0.34285714285714286,0.2420634920634921,0.28863826232247286,0.2477152477152477
WESAD_3class_VQC,RealAmplitudes,4,1,circular,RealAmplitudes_n4_r1_circular,13,15,26.86,0.2419,ok,0.4084507042253521,0.2870985603543743,0.3437001594896332,0.2951048951048951
WESAD_3class_VQC,RealAmplitudes,4,1,circular,RealAmplitudes_n4_r1_circular,14,16,24.03,0.2064,ok,0.4166666666666667,0.28005148005148,0.32905982905982906,0.2954649564819056
WESAD_3class_VQC,RealAmplitudes,4,1,circular,RealAmplitudes_n4_r1_circular,15,17,24.58,0.3424,ok,0.4166666666666667,0.28173374613003094,0.3318077803203661,0.2978142076502732
WESAD_3class_VQC,EfficientSU2,3,1,linear,EfficientSU2_n3_r1_linear,1,2,22.3,0.1948,ok,0.44776119402985076,0.28327228327228327,0.3385490753911807,0.30645763344531546
WESAD_3class_VQC,EfficientSU2,3,1,linear,EfficientSU2_n3_r1_linear,2,3,22.6,0.2006,ok,0.3088235294117647,0.21064814814814814,0.24279279279279278,0.21859903381642512
WESAD_3class_VQC,EfficientSU2,3,1,linear,EfficientSU2_n3_r1_linear,3,4,22.24,0.2015,ok,0.39705882352941174,0.25555555555555554,0.3045045045045045,0.27555555555555555
WESAD_3class_VQC,EfficientSU2,3,1,linear,EfficientSU2_n3_r1_linear,4,5,22.24,0.2046,ok,0.5857142857142857,0.3475783475783476,0.4072649572649573,0.37189126662810873
WESAD_3class_VQC,EfficientSU2,3,1,linear,EfficientSU2_n3_r1_linear,5,6,22.01,0.2014,ok,0.4142857142857143,0.27342047930283225,0.3182957393483709,0.2892710892710893
WESAD_3class_VQC,EfficientSU2,3,1,linear,EfficientSU2_n3_r1_linear,6,7,22.06,0.207,ok,0.4142857142857143,0.27619047619047615,0.32905982905982906,0.29238329238329236
WESAD_3class_VQC,EfficientSU2,3,1,linear,EfficientSU2_n3_r1_linear,7,8,22.27,0.1987,ok,0.4142857142857143,0.2745098039215686,0.3324979114452799,0.29549549549549553
WESAD_3class_VQC,EfficientSU2,3,1,linear,EfficientSU2_n3_r1_linear,8,9,21.95,0.2049,ok,0.42857142857142855,0.2911184210526316,0.3657894736842105,0.31133004926108376
WESAD_3class_VQC,EfficientSU2,3,1,linear,EfficientSU2_n3_r1_linear,9,10,21.81,0.1987,ok,0.43661971830985913,0.2672463768115942,0.3165869218500797,0.2897669706180344
WESAD_3class_VQC,EfficientSU2,3,1,linear,EfficientSU2_n3_r1_linear,10,11,21.66,0.2075,ok,0.5285714285714286,0.3427074717397298,0.40977443609022557,0.37029637029637036
WESAD_3class_VQC,EfficientSU2,3,1,linear,EfficientSU2_n3_r1_linear,11,13,21.97,0.2036,ok,0.37142857142857144,0.25833333333333336,0.30618212197159567,0.26727740276438444
WESAD_3class_VQC,EfficientSU2,3,1,linear,EfficientSU2_n3_r1_linear,12,14,21.38,0.1854,ok,0.4,0.2719082719082719,0.316624895572264,0.28395661324267446
WESAD_3class_VQC,EfficientSU2,3,1,linear,EfficientSU2_n3_r1_linear,13,15,21.99,0.2069,ok,0.38028169014084506,0.24634146341463414,0.2942583732057416,0.2672833495618306
WESAD_3class_VQC,EfficientSU2,3,1,linear,EfficientSU2_n3_r1_linear,14,16,21.75,0.2082,ok,0.3055555555555556,0.20370370370370372,0.23426573426573427,0.21379310344827587
WESAD_3class_VQC,EfficientSU2,3,1,linear,EfficientSU2_n3_r1_linear,15,17,21.75,0.2086,ok,0.4722222222222222,0.3009890403635392,0.3554538520213577,0.32573599240265905
WESAD_3class_VQC,EfficientSU2,3,1,circular,EfficientSU2_n3_r1_circular,1,2,22.08,0.1944,ok,0.31343283582089554,0.2164224664224664,0.27453769559032715,0.22776304155614502
WESAD_3class_VQC,EfficientSU2,3,1,circular,EfficientSU2_n3_r1_circular,2,3,22.06,0.2009,ok,0.4264705882352941,0.28196248196248197,0.3378378378378379,0.30171208944793854
WESAD_3class_VQC,EfficientSU2,3,1,circular,EfficientSU2_n3_r1_circular,3,4,22.19,0.2015,ok,0.4264705882352941,0.2714412024756852,0.3225225225225225,0.2930540637307555
WESAD_3class_VQC,EfficientSU2,3,1,circular,EfficientSU2_n3_r1_circular,4,5,21.94,0.204,ok,0.4857142857142857,0.35198135198135194,0.4205128205128205,0.3512820512820513
WESAD_3class_VQC,EfficientSU2,3,1,circular,EfficientSU2_n3_r1_circular,5,6,21.93,0.2086,ok,0.5571428571428572,0.3650793650793651,0.44152046783625726,0.3988095238095238
WESAD_3class_VQC,EfficientSU2,3,1,circular,EfficientSU2_n3_r1_circular,6,7,22.15,0.2079,ok,0.4,0.27081627081627085,0.32863247863247863,0.2860623781676413
WESAD_3class_VQC,EfficientSU2,3,1,circular,EfficientSU2_n3_r1_circular,7,8,22.21,0.2099,ok,0.42857142857142855,0.2886710239651416,0.3341687552213868,0.30214424951267055
WESAD_3class_VQC,EfficientSU2,3,1,circular,EfficientSU2_n3_r1_circular,8,9,22.13,0.212,ok,0.5285714285714286,0.3595413595413595,0.4271929824561404,0.37739889630178736
WESAD_3class_VQC,EfficientSU2,3,1,circular,EfficientSU2_n3_r1_circular,9,10,21.96,0.2068,ok,0.5070422535211268,0.34101748807631166,0.41148325358851673,0.3639359698681733
WESAD_3class_VQC,EfficientSU2,3,1,circular,EfficientSU2_n3_r1_circular,10,11,21.74,0.1917,ok,0.42857142857142855,0.27081581160639195,0.31996658312447784,0.2923206751054852
WESAD_3class_VQC,EfficientSU2,3,1,circular,EfficientSU2_n3_r1_circular,11,13,22.02,0.2035,ok,0.42857142857142855,0.29276315789473684,0.3483709273182957,0.30702179176755445
WESAD_3class_VQC,EfficientSU2,3,1,circular,EfficientSU2_n3_r1_circular,12,14,21.89,0.1959,ok,0.44285714285714284,0.2935729847494553,0.35714285714285715,0.31662571662571665
WESAD_3class_VQC,EfficientSU2,3,1,circular,EfficientSU2_n3_r1_circular,13,15,22.37,0.2184,ok,0.4788732394366197,0.327991452991453,0.38755980861244016,0.3434816549570648
WESAD_3class_VQC,EfficientSU2,3,1,circular,EfficientSU2_n3_r1_circular,14,16,21.74,0.191,ok,0.5555555555555556,0.3756449948400413,0.44755244755244755,0.39695585996955857
WESAD_3class_VQC,EfficientSU2,3,1,circular,EfficientSU2_n3_r1_circular,15,17,21.88,0.2107,ok,0.4027777777777778,0.2791666666666667,0.31731502669717776,0.2878306878306878
WESAD_3class_VQC,EfficientSU2,4,1,linear,EfficientSU2_n4_r1_linear,1,2,25.59,0.2292,ok,0.417910447761194,0.2836309523809524,0.32906590801327645,0.2946859903381642
WESAD_3class_VQC,EfficientSU2,4,1,linear,EfficientSU2_n4_r1_linear,2,3,26.02,0.2309,ok,0.36764705882352944,0.23743097936646326,0.2788288288288288,0.2536654301360184
WESAD_3class_VQC,EfficientSU2,4,1,linear,EfficientSU2_n4_r1_linear,3,4,26.22,0.2334,ok,0.5441176470588235,0.3516062481579723,0.42522522522522516,0.3825635517364841
WESAD_3class_VQC,EfficientSU2,4,1,linear,EfficientSU2_n4_r1_linear,4,5,25.97,0.2534,ok,0.6428571428571429,0.4128352490421456,0.44145299145299144,0.40700171821305836
WESAD_3class_VQC,EfficientSU2,4,1,linear,EfficientSU2_n4_r1_linear,5,6,25.58,0.2422,ok,0.44285714285714284,0.3015350877192982,0.3642439431913116,0.31832122679580305
WESAD_3class_VQC,EfficientSU2,4,1,linear,EfficientSU2_n4_r1_linear,6,7,25.66,0.2387,ok,0.5,0.32155873282870756,0.38846153846153847,0.3496598639455782
WESAD_3class_VQC,EfficientSU2,4,1,linear,EfficientSU2_n4_r1_linear,7,8,25.77,0.2379,ok,0.38571428571428573,0.25925925925925924,0.30785296574770254,0.27436647173489276
WESAD_3class_VQC,EfficientSU2,4,1,linear,EfficientSU2_n4_r1_linear,8,9,25.73,0.2411,ok,0.34285714285714286,0.24222035323801516,0.2894736842105263,0.2485931000734035
WESAD_3class_VQC,EfficientSU2,4,1,linear,EfficientSU2_n4_r1_linear,9,10,25.54,0.2395,ok,0.352112676056338,0.22284946236559136,0.25757575757575757,0.23786486050636993
WESAD_3class_VQC,EfficientSU2,4,1,linear,EfficientSU2_n4_r1_linear,10,11,25.55,0.2453,ok,0.44285714285714284,0.28567423605270537,0.3429406850459482,0.310548523206751
WESAD_3class_VQC,EfficientSU2,4,1,linear,EfficientSU2_n4_r1_linear,11,13,25.65,0.2362,ok,0.42857142857142855,0.2762613730355666,0.32706766917293234,0.2972027972027972
WESAD_3class_VQC,EfficientSU2,4,1,linear,EfficientSU2_n4_r1_linear,12,14,25.77,0.2365,ok,0.42857142857142855,0.2693080677576802,0.31996658312447784,0.2921810699588477
WESAD_3class_VQC,EfficientSU2,4,1,linear,EfficientSU2_n4_r1_linear,13,15,25.76,0.2396,ok,0.4225352112676056,0.29354838709677417,0.339712918660287,0.302945301542777
WESAD_3class_VQC,EfficientSU2,4,1,linear,EfficientSU2_n4_r1_linear,14,16,25.32,0.2445,ok,0.4305555555555556,0.23062558356676002,0.28477078477078477,0.25391903531438414
WESAD_3class_VQC,EfficientSU2,4,1,linear,EfficientSU2_n4_r1_linear,15,17,25.4,0.2401,ok,0.5138888888888888,0.3333333333333333,0.393211289092296,0.35912975912975914
WESAD_3class_VQC,EfficientSU2,4,1,circular,EfficientSU2_n4_r1_circular,1,2,27.77,0.2337,ok,0.3880597014925373,0.25476190476190474,0.3025130393551446,0.27124183006535946
WESAD_3class_VQC,EfficientSU2,4,1,circular,EfficientSU2_n4_r1_circular,2,3,28.77,0.2352,ok,0.4264705882352941,0.28935185185185186,0.3454954954954956,0.30486542443064185
WESAD_3class_VQC,EfficientSU2,4,1,circular,EfficientSU2_n4_r1_circular,3,4,27.77,0.2549,ok,0.36764705882352944,0.25476190476190474,0.31711711711711715,0.26666666666666666
WESAD_3class_VQC,EfficientSU2,4,1,circular,EfficientSU2_n4_r1_circular,4,5,27.83,0.2658,ok,0.4142857142857143,0.24444444444444446,0.2884615384615385,0.26455026455026454
WESAD_3class_VQC,EfficientSU2,4,1,circular,EfficientSU2_n4_r1_circular,5,6,28.13,0.2572,ok,0.37142857142857144,0.24287280701754388,0.29197994987468673,0.2623303541873552
WESAD_3class_VQC,EfficientSU2,4,1,circular,EfficientSU2_n4_r1_circular,6,7,27.49,0.26,ok,0.37142857142857144,0.25848051583964116,0.31965811965811963,0.26840244294439086
WESAD_3class_VQC,EfficientSU2,4,1,circular,EfficientSU2_n4_r1_circular,7,8,27.54,0.2959,ok,0.45714285714285713,0.2955610697546181,0.35171261487050964,0.31868131868131866
WESAD_3class_VQC,EfficientSU2,4,1,circular,EfficientSU2_n4_r1_circular,8,9,27.75,0.2424,ok,0.4142857142857143,0.2721812721812722,0.3333333333333333,0.2946750524109015
WESAD_3class_VQC,EfficientSU2,4,1,circular,EfficientSU2_n4_r1_circular,9,10,26.56,0.2662,ok,0.43661971830985913,0.2838915470494418,0.3293460925039873,0.30207336523126
WESAD_3class_VQC,EfficientSU2,4,1,circular,EfficientSU2_n4_r1_circular,10,11,27.36,0.3295,ok,0.2857142857142857,0.19047619047619047,0.21804511278195485,0.19928245270711023
WESAD_3class_VQC,EfficientSU2,4,1,circular,EfficientSU2_n4_r1_circular,11,13,28.34,0.2494,ok,0.5142857142857142,0.3341604631927213,0.40100250626566414,0.3616383616383616
WESAD_3class_VQC,EfficientSU2,4,1,circular,EfficientSU2_n4_r1_circular,12,14,25.89,0.2484,ok,0.32857142857142857,0.21904761904761905,0.25146198830409355,0.22945205479452055
WESAD_3class_VQC,EfficientSU2,4,1,circular,EfficientSU2_n4_r1_circular,13,15,25.65,0.2445,ok,0.4647887323943662,0.30873015873015874,0.3660287081339713,0.32954006638217165
WESAD_3class_VQC,EfficientSU2,4,1,circular,EfficientSU2_n4_r1_circular,14,16,25.89,0.2497,ok,0.5,0.3206349206349206,0.3803418803418803,0.34678695789806896
WESAD_3class_VQC,EfficientSU2,4,1,circular,EfficientSU2_n4_r1_circular,15,17,25.97,0.2501,ok,0.4166666666666667,0.27953667953667954,0.3318077803203661,0.29771689497716897
DREAMER_binary_EEG_VQC,RealAmplitudes,4,1,linear,RealAmplitudes_n4_r1_linear,1,1,15.75,0.0613,ok,0.2777777777777778,0.375,0.43846153846153846,0.2571428571428571
DREAMER_binary_EEG_VQC,RealAmplitudes,4,1,linear,RealAmplitudes_n4_r1_linear,2,2,15.66,0.053,ok,0.3888888888888889,0.375,0.3888888888888889,0.37142857142857144
DREAMER_binary_EEG_VQC,RealAmplitudes,4,1,linear,RealAmplitudes_n4_r1_linear,3,3,15.42,0.0561,ok,0.3333333333333333,0.3333333333333333,0.3246753246753247,0.325
DREAMER_binary_EEG_VQC,RealAmplitudes,4,1,linear,RealAmplitudes_n4_r1_linear,4,4,15.58,0.0536,ok,0.2777777777777778,0.3333333333333333,0.3153846153846154,0.27554179566563464
DREAMER_binary_EEG_VQC,RealAmplitudes,4,1,linear,RealAmplitudes_n4_r1_linear,5,5,15.96,0.0572,ok,0.6111111111111112,0.7666666666666666,0.65,0.5785953177257526
DREAMER_binary_EEG_VQC,RealAmplitudes,4,1,linear,RealAmplitudes_n4_r1_linear,6,6,15.64,0.0586,ok,0.7222222222222222,0.7,0.625,0.6296296296296295
DREAMER_binary_EEG_VQC,RealAmplitudes,4,1,linear,RealAmplitudes_n4_r1_linear,7,7,15.7,0.059,ok,0.7222222222222222,0.7321428571428572,0.6688311688311688,0.6727272727272727
DREAMER_binary_EEG_VQC,RealAmplitudes,4,1,linear,RealAmplitudes_n4_r1_linear,8,8,15.83,0.0588,ok,0.6666666666666666,0.5333333333333333,0.5230769230769231,0.5178571428571428
DREAMER_binary_EEG_VQC,RealAmplitudes,4,1,linear,RealAmplitudes_n4_r1_linear,9,9,15.55,0.0566,ok,0.2777777777777778,0.1388888888888889,0.5,0.21739130434782608
DREAMER_binary_EEG_VQC,RealAmplitudes,4,1,linear,RealAmplitudes_n4_r1_linear,10,10,15.47,0.0556,ok,0.5555555555555556,0.5844155844155844,0.5844155844155844,0.5555555555555556
DREAMER_binary_EEG_VQC,RealAmplitudes,4,1,linear,RealAmplitudes_n4_r1_linear,11,11,14.32,0.0526,ok,0.4444444444444444,0.26666666666666666,0.36363636363636365,0.3076923076923077
DREAMER_binary_EEG_VQC,RealAmplitudes,4,1,linear,RealAmplitudes_n4_r1_linear,12,12,15.26,0.0618,ok,0.5,0.2647058823529412,0.45,0.3333333333333333
DREAMER_binary_EEG_VQC,RealAmplitudes,4,1,linear,RealAmplitudes_n4_r1_linear,13,13,15.91,0.0628,ok,0.3888888888888889,0.39610389610389607,0.4,0.38699690402476783
DREAMER_binary_EEG_VQC,RealAmplitudes,4,1,linear,RealAmplitudes_n4_r1_linear,14,14,17.45,0.0609,ok,0.6111111111111112,0.3235294117647059,0.4583333333333333,0.3793103448275862
DREAMER_binary_EEG_VQC,RealAmplitudes,4,1,linear,RealAmplitudes_n4_r1_linear,15,15,16.15,0.0588,ok,0.3333333333333333,0.3246753246753247,0.3333333333333333,0.325
DREAMER_binary_EEG_VQC,RealAmplitudes,4,1,linear,RealAmplitudes_n4_r1_linear,16,16,15.86,0.06,ok,0.5,0.2647058823529412,0.45,0.3333333333333333
DREAMER_binary_EEG_VQC,RealAmplitudes,4,1,linear,RealAmplitudes_n4_r1_linear,17,17,16.13,0.062,ok,0.5,0.525,0.5307692307692308,0.4857142857142857
DREAMER_binary_EEG_VQC,RealAmplitudes,4,1,linear,RealAmplitudes_n4_r1_linear,18,18,15.97,0.0526,ok,0.5,0.25,0.5,0.3333333333333333
DREAMER_binary_EEG_VQC,RealAmplitudes,4,1,linear,RealAmplitudes_n4_r1_linear,19,19,15.83,0.0585,ok,0.2222222222222222,0.1111111111111111,0.5,0.18181818181818182
DREAMER_binary_EEG_VQC,RealAmplitudes,4,1,linear,RealAmplitudes_n4_r1_linear,20,20,16.11,0.058,ok,0.5,0.538961038961039,0.5416666666666666,0.4984520123839009
DREAMER_binary_EEG_VQC,RealAmplitudes,4,1,linear,RealAmplitudes_n4_r1_linear,21,21,16.03,0.0577,ok,0.5555555555555556,0.4666666666666667,0.48051948051948057,0.4461538461538461
DREAMER_binary_EEG_VQC,RealAmplitudes,4,1,linear,RealAmplitudes_n4_r1_linear,22,22,16.0,0.0588,ok,0.4444444444444444,0.375,0.375,0.375
DREAMER_binary_EEG_VQC,RealAmplitudes,4,1,linear,RealAmplitudes_n4_r1_linear,23,23,16.26,0.0593,ok,0.5,0.3,0.375,0.3333333333333333
DREAMER_binary_EEG_VQC,RealAmplitudes,4,1,circular,RealAmplitudes_n4_r1_circular,1,1,16.24,0.0571,ok,0.5555555555555556,0.5555555555555556,0.5692307692307692,0.5324675324675324
DREAMER_binary_EEG_VQC,RealAmplitudes,4,1,circular,RealAmplitudes_n4_r1_circular,2,2,15.73,0.0587,ok,0.6666666666666666,0.8,0.6666666666666666,0.625
DREAMER_binary_EEG_VQC,RealAmplitudes,4,1,circular,RealAmplitudes_n4_r1_circular,3,3,16.13,0.0598,ok,0.6111111111111112,0.3055555555555556,0.5,0.3793103448275862
DREAMER_binary_EEG_VQC,RealAmplitudes,4,1,circular,RealAmplitudes_n4_r1_circular,4,4,16.2,0.059,ok,0.6111111111111112,0.5875,0.6076923076923078,0.5785953177257526
DREAMER_binary_EEG_VQC,RealAmplitudes,4,1,circular,RealAmplitudes_n4_r1_circular,5,5,16.44,0.0605,ok,0.4444444444444444,0.46875,0.4875,0.375
DREAMER_binary_EEG_VQC,RealAmplitudes,4,1,circular,RealAmplitudes_n4_r1_circular,6,6,16.37,0.0625,ok,0.6666666666666666,0.3333333333333333,0.5,0.4
DREAMER_binary_EEG_VQC,RealAmplitudes,4,1,circular,RealAmplitudes_n4_r1_circular,7,7,16.47,0.0612,ok,0.3888888888888889,0.19444444444444445,0.5,0.28
DREAMER_binary_EEG_VQC,RealAmplitudes,4,1,circular,RealAmplitudes_n4_r1_circular,8,8,15.88,0.0587,ok,0.6666666666666666,0.35294117647058826,0.46153846153846156,0.4
DREAMER_binary_EEG_VQC,RealAmplitudes,4,1,circular,RealAmplitudes_n4_r1_circular,9,9,16.0,0.0595,ok,0.3888888888888889,0.5178571428571428,0.5153846153846154,0.38699690402476783
DREAMER_binary_EEG_VQC,RealAmplitudes,4,1,circular,RealAmplitudes_n4_r1_circular,10,10,15.78,0.0585,ok,0.3888888888888889,0.19444444444444445,0.5,0.28
DREAMER_binary_EEG_VQC,RealAmplitudes,4,1,circular,RealAmplitudes_n4_r1_circular,11,11,16.29,0.0585,ok,0.5555555555555556,0.29411764705882354,0.45454545454545453,0.35714285714285715
DREAMER_binary_EEG_VQC,RealAmplitudes,4,1,circular,RealAmplitudes_n4_r1_circular,12,12,15.98,0.0546,ok,0.5,0.2647058823529412,0.45,0.3333333333333333
DREAMER_binary_EEG_VQC,RealAmplitudes,4,1,circular,RealAmplitudes_n4_r1_circular,13,13,15.23,0.0552,ok,0.5555555555555556,0.625,0.5875,0.5324675324675324
DREAMER_binary_EEG_VQC,RealAmplitudes,4,1,circular,RealAmplitudes_n4_r1_circular,14,14,15.17,0.0586,ok,0.5,0.5,0.5,0.4857142857142857
DREAMER_binary_EEG_VQC,RealAmplitudes,4,1,circular,RealAmplitudes_n4_r1_circular,15,15,16.2,0.0614,ok,0.5,0.5,0.5,0.4581939799331104
DREAMER_binary_EEG_VQC,RealAmplitudes,4,1,circular,RealAmplitudes_n4_r1_circular,16,16,16.41,0.0648,ok,0.3888888888888889,0.20588235294117646,0.4375,0.28
DREAMER_binary_EEG_VQC,RealAmplitudes,4,1,circular,RealAmplitudes_n4_r1_circular,17,17,16.55,0.0574,ok,0.6666666666666666,0.5846153846153846,0.5846153846153846,0.5846153846153846
DREAMER_binary_EEG_VQC,RealAmplitudes,4,1,circular,RealAmplitudes_n4_r1_circular,18,18,47.04,0.2339,ok,0.5,0.25,0.5,0.3333333333333333
DREAMER_binary_EEG_VQC,RealAmplitudes,4,1,circular,RealAmplitudes_n4_r1_circular,19,19,69.8,0.2142,ok,0.2222222222222222,0.1111111111111111,0.5,0.18181818181818182
DREAMER_binary_EEG_VQC,RealAmplitudes,4,1,circular,RealAmplitudes_n4_r1_circular,20,20,65.04,0.3351,ok,0.5,0.5,0.5,0.4857142857142857
DREAMER_binary_EEG_VQC,RealAmplitudes,4,1,circular,RealAmplitudes_n4_r1_circular,21,21,68.54,0.2541,ok,0.5555555555555556,0.4666666666666667,0.48051948051948057,0.4461538461538461
DREAMER_binary_EEG_VQC,RealAmplitudes,4,1,circular,RealAmplitudes_n4_r1_circular,22,22,72.31,0.2496,ok,0.7777777777777778,0.7678571428571428,0.7083333333333333,0.7230769230769231
DREAMER_binary_EEG_VQC,RealAmplitudes,4,1,circular,RealAmplitudes_n4_r1_circular,23,23,74.98,0.3255,ok,0.4444444444444444,0.6875,0.5833333333333334,0.41558441558441556
DREAMER_binary_EEG_VQC,RealAmplitudes,6,1,linear,RealAmplitudes_n6_r1_linear,1,1,102.49,0.4679,ok,0.5555555555555556,0.3333333333333333,0.38461538461538464,0.35714285714285715
DREAMER_binary_EEG_VQC,RealAmplitudes,6,1,linear,RealAmplitudes_n6_r1_linear,2,2,104.44,0.3397,ok,0.6111111111111112,0.6125,0.6111111111111112,0.609907120743034
DREAMER_binary_EEG_VQC,RealAmplitudes,6,1,linear,RealAmplitudes_n6_r1_linear,3,3,100.91,0.3739,ok,0.4444444444444444,0.4444444444444444,0.44155844155844154,0.4375
DREAMER_binary_EEG_VQC,RealAmplitudes,6,1,linear,RealAmplitudes_n6_r1_linear,4,4,104.39,0.3702,ok,0.3333333333333333,0.37662337662337664,0.35384615384615387,0.325
DREAMER_binary_EEG_VQC,RealAmplitudes,6,1,linear,RealAmplitudes_n6_r1_linear,5,5,100.31,0.3139,ok,0.3888888888888889,0.38888888888888884,0.3875,0.38699690402476783
DREAMER_binary_EEG_VQC,RealAmplitudes,6,1,linear,RealAmplitudes_n6_r1_linear,6,6,104.42,0.2966,ok,0.6111111111111112,0.3235294117647059,0.4583333333333333,0.3793103448275862
DREAMER_binary_EEG_VQC,RealAmplitudes,6,1,linear,RealAmplitudes_n6_r1_linear,7,7,104.78,0.2849,ok,0.5,0.5125,0.512987012987013,0.4984520123839009
DREAMER_binary_EEG_VQC,RealAmplitudes,6,1,linear,RealAmplitudes_n6_r1_linear,8,8,61.38,0.0832,ok,0.4444444444444444,0.5538461538461539,0.5538461538461539,0.4444444444444444
DREAMER_binary_EEG_VQC,RealAmplitudes,6,1,linear,RealAmplitudes_n6_r1_linear,9,9,21.43,0.083,ok,0.7777777777777778,0.8823529411764706,0.6,0.6
DREAMER_binary_EEG_VQC,RealAmplitudes,6,1,linear,RealAmplitudes_n6_r1_linear,10,10,21.91,0.0805,ok,0.2777777777777778,0.2625,0.2532467532467533,0.2571428571428571
DREAMER_binary_EEG_VQC,RealAmplitudes,6,1,linear,RealAmplitudes_n6_r1_linear,11,11,22.83,0.0792,ok,0.6111111111111112,0.5833333333333333,0.577922077922078,0.5785953177257526
DREAMER_binary_EEG_VQC,RealAmplitudes,6,1,linear,RealAmplitudes_n6_r1_linear,12,12,22.13,0.0792,ok,0.6111111111111112,0.6076923076923078,0.5875,0.5785953177257526
DREAMER_binary_EEG_VQC,RealAmplitudes,6,1,linear,RealAmplitudes_n6_r1_linear,13,13,21.65,0.0764,ok,0.5555555555555556,0.5625,0.5625,0.5555555555555556
DREAMER_binary_EEG_VQC,RealAmplitudes,6,1,linear,RealAmplitudes_n6_r1_linear,14,14,21.66,0.0834,ok,0.3333333333333333,0.16666666666666666,0.5,0.25
DREAMER_binary_EEG_VQC,RealAmplitudes,6,1,linear,RealAmplitudes_n6_r1_linear,15,15,21.93,0.0823,ok,0.5555555555555556,0.7647058823529411,0.5555555555555556,0.4461538461538461
DREAMER_binary_EEG_VQC,RealAmplitudes,6,1,linear,RealAmplitudes_n6_r1_linear,16,16,21.86,0.083,ok,0.5,0.487012987012987,0.4875,0.4857142857142857
DREAMER_binary_EEG_VQC,RealAmplitudes,6,1,linear,RealAmplitudes_n6_r1_linear,17,17,21.89,0.0839,ok,0.7777777777777778,0.7333333333333334,0.6615384615384616,0.6785714285714286
DREAMER_binary_EEG_VQC,RealAmplitudes,6,1,linear,RealAmplitudes_n6_r1_linear,18,18,21.71,0.0808,ok,0.5,0.5,0.5,0.4109090909090909
DREAMER_binary_EEG_VQC,RealAmplitudes,6,1,linear,RealAmplitudes_n6_r1_linear,19,19,22.02,0.0685,ok,0.2222222222222222,0.1111111111111111,0.5,0.18181818181818182
DREAMER_binary_EEG_VQC,RealAmplitudes,6,1,linear,RealAmplitudes_n6_r1_linear,20,20,21.61,0.0796,ok,0.4444444444444444,0.5,0.5,0.4444444444444444
DREAMER_binary_EEG_VQC,RealAmplitudes,6,1,linear,RealAmplitudes_n6_r1_linear,21,21,21.96,0.0693,ok,0.16666666666666666,0.15,0.13636363636363635,0.14285714285714285
DREAMER_binary_EEG_VQC,RealAmplitudes,6,1,linear,RealAmplitudes_n6_r1_linear,22,22,22.04,0.0804,ok,0.7222222222222222,0.8529411764705883,0.5833333333333334,0.5566502463054187
DREAMER_binary_EEG_VQC,RealAmplitudes,6,1,linear,RealAmplitudes_n6_r1_linear,23,23,22.74,0.0794,ok,0.5,0.5,0.5,0.4857142857142857
DREAMER_binary_EEG_VQC,RealAmplitudes,6,1,circular,RealAmplitudes_n6_r1_circular,1,1,22.05,0.0769,ok,0.5555555555555556,0.6103896103896104,0.6307692307692307,0.55
DREAMER_binary_EEG_VQC,RealAmplitudes,6,1,circular,RealAmplitudes_n6_r1_circular,2,2,21.92,0.0784,ok,0.5555555555555556,0.5584415584415584,0.5555555555555556,0.55
DREAMER_binary_EEG_VQC,RealAmplitudes,6,1,circular,RealAmplitudes_n6_r1_circular,3,3,21.7,0.0769,ok,0.3888888888888889,0.4375,0.474025974025974,0.3377926421404682
DREAMER_binary_EEG_VQC,RealAmplitudes,6,1,circular,RealAmplitudes_n6_r1_circular,4,4,22.05,0.0813,ok,0.5,0.525,0.5307692307692308,0.4857142857142857
DREAMER_binary_EEG_VQC,RealAmplitudes,6,1,circular,RealAmplitudes_n6_r1_circular,5,5,22.68,0.0834,ok,0.5,0.487012987012987,0.4875,0.4857142857142857
DREAMER_binary_EEG_VQC,RealAmplitudes,6,1,circular,RealAmplitudes_n6_r1_circular,6,6,22.13,0.0766,ok,0.2777777777777778,0.3153846153846154,0.3333333333333333,0.27554179566563464
DREAMER_binary_EEG_VQC,RealAmplitudes,6,1,circular,RealAmplitudes_n6_r1_circular,7,7,22.11,0.0796,ok,0.6666666666666666,0.8235294117647058,0.5714285714285714,0.5178571428571428
DREAMER_binary_EEG_VQC,RealAmplitudes,6,1,circular,RealAmplitudes_n6_r1_circular,8,8,21.97,0.0834,ok,0.3888888888888889,0.3625,0.3307692307692308,0.3377926421404682
DREAMER_binary_EEG_VQC,RealAmplitudes,6,1,circular,RealAmplitudes_n6_r1_circular,9,9,22.0,0.0819,ok,0.3333333333333333,0.4666666666666667,0.47692307692307695,0.325
DREAMER_binary_EEG_VQC,RealAmplitudes,6,1,circular,RealAmplitudes_n6_r1_circular,10,10,22.49,0.0825,ok,0.3888888888888889,0.4375,0.474025974025974,0.3377926421404682
DREAMER_binary_EEG_VQC,RealAmplitudes,6,1,circular,RealAmplitudes_n6_r1_circular,11,11,22.22,0.0804,ok,0.5,0.4875,0.487012987012987,0.4857142857142857
DREAMER_binary_EEG_VQC,RealAmplitudes,6,1,circular,RealAmplitudes_n6_r1_circular,12,12,21.91,0.0791,ok,0.5,0.5307692307692308,0.525,0.4857142857142857
DREAMER_binary_EEG_VQC,RealAmplitudes,6,1,circular,RealAmplitudes_n6_r1_circular,13,13,21.92,0.0832,ok,0.6666666666666666,0.675,0.675,0.6666666666666666
DREAMER_binary_EEG_VQC,RealAmplitudes,6,1,circular,RealAmplitudes_n6_r1_circular,14,14,22.09,0.0815,ok,0.5,0.5923076923076923,0.5833333333333334,0.4984520123839009
DREAMER_binary_EEG_VQC,RealAmplitudes,6,1,circular,RealAmplitudes_n6_r1_circular,15,15,22.2,0.083,ok,0.3333333333333333,0.2923076923076923,0.33333333333333337,0.2987012987012987
DREAMER_binary_EEG_VQC,RealAmplitudes,6,1,circular,RealAmplitudes_n6_r1_circular,16,16,22.11,0.0804,ok,0.2777777777777778,0.2777777777777778,0.275,0.27554179566563464
DREAMER_binary_EEG_VQC,RealAmplitudes,6,1,circular,RealAmplitudes_n6_r1_circular,17,17,22.04,0.0814,ok,0.7777777777777778,0.8823529411764706,0.6,0.6
DREAMER_binary_EEG_VQC,RealAmplitudes,6,1,circular,RealAmplitudes_n6_r1_circular,18,18,22.05,0.0803,ok,0.5,0.5,0.5,0.4109090909090909
DREAMER_binary_EEG_VQC,RealAmplitudes,6,1,circular,RealAmplitudes_n6_r1_circular,19,19,22.1,0.0813,ok,0.5,0.5,0.5,0.4581939799331104
DREAMER_binary_EEG_VQC,RealAmplitudes,6,1,circular,RealAmplitudes_n6_r1_circular,20,20,21.98,0.0836,ok,0.3888888888888889,0.45384615384615384,0.4583333333333333,0.38699690402476783
DREAMER_binary_EEG_VQC,RealAmplitudes,6,1,circular,RealAmplitudes_n6_r1_circular,21,21,22.17,0.0769,ok,0.5555555555555556,0.7333333333333334,0.6363636363636364,0.5324675324675324
DREAMER_binary_EEG_VQC,RealAmplitudes,6,1,circular,RealAmplitudes_n6_r1_circular,22,22,22.01,0.0805,ok,0.6111111111111112,0.3235294117647059,0.4583333333333333,0.3793103448275862
DREAMER_binary_EEG_VQC,RealAmplitudes,6,1,circular,RealAmplitudes_n6_r1_circular,23,23,21.9,0.0849,ok,0.4444444444444444,0.4625,0.45833333333333337,0.4375
DREAMER_binary_EEG_VQC,EfficientSU2,4,1,linear,EfficientSU2_n4_r1_linear,1,1,16.92,0.0615,ok,0.6111111111111112,0.5875,0.6076923076923078,0.5785953177257526
DREAMER_binary_EEG_VQC,EfficientSU2,4,1,linear,EfficientSU2_n4_r1_linear,2,2,16.75,0.0626,ok,0.5,0.5,0.5,0.4109090909090909
DREAMER_binary_EEG_VQC,EfficientSU2,4,1,linear,EfficientSU2_n4_r1_linear,3,3,17.1,0.0624,ok,0.5555555555555556,0.4666666666666667,0.48051948051948057,0.4461538461538461
DREAMER_binary_EEG_VQC,EfficientSU2,4,1,linear,EfficientSU2_n4_r1_linear,4,4,17.12,0.0622,ok,0.2222222222222222,0.27692307692307694,0.27692307692307694,0.2222222222222222
DREAMER_binary_EEG_VQC,EfficientSU2,4,1,linear,EfficientSU2_n4_r1_linear,5,5,17.01,0.0647,ok,0.5,0.5666666666666667,0.5375,0.4581939799331104
DREAMER_binary_EEG_VQC,EfficientSU2,4,1,linear,EfficientSU2_n4_r1_linear,6,6,16.71,0.0632,ok,0.5,0.7,0.625,0.4857142857142857
DREAMER_binary_EEG_VQC,EfficientSU2,4,1,linear,EfficientSU2_n4_r1_linear,7,7,16.84,0.0557,ok,0.6111111111111112,0.3055555555555556,0.5,0.3793103448275862
DREAMER_binary_EEG_VQC,EfficientSU2,4,1,linear,EfficientSU2_n4_r1_linear,8,8,16.88,0.0654,ok,0.7222222222222222,0.3611111111111111,0.5,0.41935483870967744
DREAMER_binary_EEG_VQC,EfficientSU2,4,1,linear,EfficientSU2_n4_r1_linear,9,9,18.23,0.0709,ok,0.6111111111111112,0.34375,0.4230769230769231,0.3793103448275862
DREAMER_binary_EEG_VQC,EfficientSU2,4,1,linear,EfficientSU2_n4_r1_linear,10,10,18.57,0.0796,ok,0.3888888888888889,0.19444444444444445,0.5,0.28
DREAMER_binary_EEG_VQC,EfficientSU2,4,1,linear,EfficientSU2_n4_r1_linear,11,11,17.46,0.0612,ok,0.6666666666666666,0.7012987012987013,0.7012987012987013,0.6666666666666666
DREAMER_binary_EEG_VQC,EfficientSU2,4,1,linear,EfficientSU2_n4_r1_linear,12,12,21.97,0.0706,ok,0.2777777777777778,0.2792207792207792,0.2875,0.27554179566563464
DREAMER_binary_EEG_VQC,EfficientSU2,4,1,linear,EfficientSU2_n4_r1_linear,13,13,20.32,0.069,ok,0.3333333333333333,0.3333333333333333,0.35,0.325
DREAMER_binary_EEG_VQC,EfficientSU2,4,1,linear,EfficientSU2_n4_r1_linear,14,14,18.82,0.0691,ok,0.6111111111111112,0.3235294117647059,0.4583333333333333,0.3793103448275862
DREAMER_binary_EEG_VQC,EfficientSU2,4,1,linear,EfficientSU2_n4_r1_linear,15,15,18.45,0.0665,ok,0.4444444444444444,0.44155844155844154,0.4444444444444444,0.4375
DREAMER_binary_EEG_VQC,EfficientSU2,4,1,linear,EfficientSU2_n4_r1_linear,16,16,17.84,0.0648,ok,0.4444444444444444,0.45833333333333337,0.4625,0.4375
DREAMER_binary_EEG_VQC,EfficientSU2,4,1,linear,EfficientSU2_n4_r1_linear,17,17,17.95,0.064,ok,0.8333333333333334,0.7916666666666666,0.823076923076923,0.8036363636363637
DREAMER_binary_EEG_VQC,EfficientSU2,4,1,linear,EfficientSU2_n4_r1_linear,18,18,17.89,0.0651,ok,0.5,0.5,0.5,0.4109090909090909
DREAMER_binary_EEG_VQC,EfficientSU2,4,1,linear,EfficientSU2_n4_r1_linear,19,19,17.81,0.0775,ok,0.2222222222222222,0.1111111111111111,0.5,0.18181818181818182
DREAMER_binary_EEG_VQC,EfficientSU2,4,1,linear,EfficientSU2_n4_r1_linear,20,20,18.29,0.0667,ok,0.3333333333333333,0.25,0.25,0.25
DREAMER_binary_EEG_VQC,EfficientSU2,4,1,linear,EfficientSU2_n4_r1_linear,21,21,17.85,0.0658,ok,0.4444444444444444,0.26666666666666666,0.36363636363636365,0.3076923076923077
DREAMER_binary_EEG_VQC,EfficientSU2,4,1,linear,EfficientSU2_n4_r1_linear,22,22,18.17,0.069,ok,0.6666666666666666,0.3333333333333333,0.5,0.4
DREAMER_binary_EEG_VQC,EfficientSU2,4,1,linear,EfficientSU2_n4_r1_linear,23,23,18.2,0.0658,ok,0.5555555555555556,0.625,0.625,0.5555555555555556
DREAMER_binary_EEG_VQC,EfficientSU2,4,1,circular,EfficientSU2_n4_r1_circular,1,1,18.14,0.066,ok,0.3888888888888889,0.2916666666666667,0.2692307692307692,0.28
DREAMER_binary_EEG_VQC,EfficientSU2,4,1,circular,EfficientSU2_n4_r1_circular,2,2,18.08,0.068,ok,0.6111111111111112,0.625,0.6111111111111112,0.6
DREAMER_binary_EEG_VQC,EfficientSU2,4,1,circular,EfficientSU2_n4_r1_circular,3,3,17.91,0.0658,ok,0.6111111111111112,0.3055555555555556,0.5,0.3793103448275862
DREAMER_binary_EEG_VQC,EfficientSU2,4,1,circular,EfficientSU2_n4_r1_circular,4,4,17.83,0.0654,ok,0.6111111111111112,0.5416666666666666,0.5461538461538462,0.5418181818181818
DREAMER_binary_EEG_VQC,EfficientSU2,4,1,circular,EfficientSU2_n4_r1_circular,5,5,18.33,0.0647,ok,0.4444444444444444,0.4642857142857143,0.475,0.41558441558441556
DREAMER_binary_EEG_VQC,EfficientSU2,4,1,circular,EfficientSU2_n4_r1_circular,6,6,21.28,0.067,ok,0.4444444444444444,0.4625,0.45833333333333337,0.4375
DREAMER_binary_EEG_VQC,EfficientSU2,4,1,circular,EfficientSU2_n4_r1_circular,7,7,18.1,0.0738,ok,0.3333333333333333,0.17647058823529413,0.42857142857142855,0.25
DREAMER_binary_EEG_VQC,EfficientSU2,4,1,circular,EfficientSU2_n4_r1_circular,8,8,19.23,0.0678,ok,0.6666666666666666,0.35294117647058826,0.46153846153846156,0.4
DREAMER_binary_EEG_VQC,EfficientSU2,4,1,circular,EfficientSU2_n4_r1_circular,9,9,18.8,0.0635,ok,0.5,0.32142857142857145,0.34615384615384615,0.3333333333333333
DREAMER_binary_EEG_VQC,EfficientSU2,4,1,circular,EfficientSU2_n4_r1_circular,10,10,19.06,0.073,ok,0.5555555555555556,0.29411764705882354,0.45454545454545453,0.35714285714285715
DREAMER_binary_EEG_VQC,EfficientSU2,4,1,circular,EfficientSU2_n4_r1_circular,11,11,18.17,0.073,ok,0.4444444444444444,0.5333333333333333,0.5194805194805194,0.41558441558441556
DREAMER_binary_EEG_VQC,EfficientSU2,4,1,circular,EfficientSU2_n4_r1_circular,12,12,19.05,0.0627,ok,0.5555555555555556,0.2777777777777778,0.5,0.35714285714285715
DREAMER_binary_EEG_VQC,EfficientSU2,4,1,circular,EfficientSU2_n4_r1_circular,13,13,19.27,0.065,ok,0.3888888888888889,0.39230769230769236,0.4125,0.37142857142857144
DREAMER_binary_EEG_VQC,EfficientSU2,4,1,circular,EfficientSU2_n4_r1_circular,14,14,18.84,0.071,ok,0.6666666666666666,0.3333333333333333,0.5,0.4
DREAMER_binary_EEG_VQC,EfficientSU2,4,1,circular,EfficientSU2_n4_r1_circular,15,15,20.65,0.0744,ok,0.4444444444444444,0.4,0.4444444444444444,0.375
DREAMER_binary_EEG_VQC,EfficientSU2,4,1,circular,EfficientSU2_n4_r1_circular,16,16,18.74,0.0645,ok,0.4444444444444444,0.2222222222222222,0.5,0.3076923076923077
DREAMER_binary_EEG_VQC,EfficientSU2,4,1,circular,EfficientSU2_n4_r1_circular,17,17,18.88,0.0669,ok,0.7777777777777778,0.7402597402597402,0.7846153846153847,0.75
DREAMER_binary_EEG_VQC,EfficientSU2,4,1,circular,EfficientSU2_n4_r1_circular,18,18,20.08,0.0658,ok,0.3888888888888889,0.3392857142857143,0.38888888888888884,0.3377926421404682
DREAMER_binary_EEG_VQC,EfficientSU2,4,1,circular,EfficientSU2_n4_r1_circular,19,19,19.08,0.067,ok,0.2222222222222222,0.1111111111111111,0.5,0.18181818181818182
DREAMER_binary_EEG_VQC,EfficientSU2,4,1,circular,EfficientSU2_n4_r1_circular,20,20,17.75,0.0639,ok,0.3333333333333333,0.39285714285714285,0.41666666666666663,0.325
DREAMER_binary_EEG_VQC,EfficientSU2,4,1,circular,EfficientSU2_n4_r1_circular,21,21,17.52,0.0638,ok,0.5555555555555556,0.4666666666666667,0.48051948051948057,0.4461538461538461
DREAMER_binary_EEG_VQC,EfficientSU2,4,1,circular,EfficientSU2_n4_r1_circular,22,22,19.4,0.0975,ok,0.6111111111111112,0.5,0.5,0.48148148148148145
DREAMER_binary_EEG_VQC,EfficientSU2,4,1,circular,EfficientSU2_n4_r1_circular,23,23,18.19,0.0637,ok,0.5555555555555556,0.7142857142857143,0.6666666666666666,0.55
DREAMER_binary_EEG_VQC,EfficientSU2,6,1,linear,EfficientSU2_n6_r1_linear,1,1,25.67,0.0895,ok,0.6111111111111112,0.48214285714285715,0.48461538461538467,0.48148148148148145
DREAMER_binary_EEG_VQC,EfficientSU2,6,1,linear,EfficientSU2_n6_r1_linear,2,2,24.82,0.091,ok,0.4444444444444444,0.4,0.4444444444444444,0.375
DREAMER_binary_EEG_VQC,EfficientSU2,6,1,linear,EfficientSU2_n6_r1_linear,3,3,24.78,0.0912,ok,0.3888888888888889,0.4,0.39610389610389607,0.38699690402476783
DREAMER_binary_EEG_VQC,EfficientSU2,6,1,linear,EfficientSU2_n6_r1_linear,4,4,24.77,0.0882,ok,0.3888888888888889,0.65625,0.5769230769230769,0.37142857142857144
DREAMER_binary_EEG_VQC,EfficientSU2,6,1,linear,EfficientSU2_n6_r1_linear,5,5,24.54,0.0893,ok,0.4444444444444444,0.41666666666666663,0.425,0.41558441558441556
DREAMER_binary_EEG_VQC,EfficientSU2,6,1,linear,EfficientSU2_n6_r1_linear,6,6,26.74,0.0904,ok,0.6666666666666666,0.59375,0.5416666666666666,0.5178571428571428
DREAMER_binary_EEG_VQC,EfficientSU2,6,1,linear,EfficientSU2_n6_r1_linear,7,7,25.88,0.0921,ok,0.5,0.28125,0.4090909090909091,0.3333333333333333
DREAMER_binary_EEG_VQC,EfficientSU2,6,1,linear,EfficientSU2_n6_r1_linear,8,8,25.01,0.0929,ok,0.8888888888888888,0.9333333333333333,0.8,0.8392857142857143
DREAMER_binary_EEG_VQC,EfficientSU2,6,1,linear,EfficientSU2_n6_r1_linear,9,9,25.15,0.0933,ok,0.6111111111111112,0.6375,0.6692307692307693,0.6
DREAMER_binary_EEG_VQC,EfficientSU2,6,1,linear,EfficientSU2_n6_r1_linear,10,10,25.35,0.0935,ok,0.5,0.4875,0.487012987012987,0.4857142857142857
DREAMER_binary_EEG_VQC,EfficientSU2,6,1,linear,EfficientSU2_n6_r1_linear,11,11,25.36,0.0903,ok,0.6111111111111112,0.5625,0.525974025974026,0.48148148148148145
DREAMER_binary_EEG_VQC,EfficientSU2,6,1,linear,EfficientSU2_n6_r1_linear,12,12,24.88,0.0916,ok,0.5,0.2647058823529412,0.45,0.3333333333333333
DREAMER_binary_EEG_VQC,EfficientSU2,6,1,linear,EfficientSU2_n6_r1_linear,13,13,24.55,0.0882,ok,0.6111111111111112,0.6298701298701299,0.625,0.609907120743034
DREAMER_binary_EEG_VQC,EfficientSU2,6,1,linear,EfficientSU2_n6_r1_linear,14,14,24.31,0.0908,ok,0.4444444444444444,0.5,0.5,0.4444444444444444
DREAMER_binary_EEG_VQC,EfficientSU2,6,1,linear,EfficientSU2_n6_r1_linear,15,15,24.36,0.0879,ok,0.5,0.5,0.5,0.4109090909090909
DREAMER_binary_EEG_VQC,EfficientSU2,6,1,linear,EfficientSU2_n6_r1_linear,16,16,24.81,0.0865,ok,0.4444444444444444,0.45,0.45,0.4444444444444444
DREAMER_binary_EEG_VQC,EfficientSU2,6,1,linear,EfficientSU2_n6_r1_linear,17,17,25.1,0.09,ok,0.7222222222222222,0.6428571428571428,0.6230769230769231,0.6296296296296295
DREAMER_binary_EEG_VQC,EfficientSU2,6,1,linear,EfficientSU2_n6_r1_linear,18,18,25.33,0.0915,ok,0.5,0.5,0.5,0.4581939799331104
DREAMER_binary_EEG_VQC,EfficientSU2,6,1,linear,EfficientSU2_n6_r1_linear,19,19,25.74,0.0948,ok,0.4444444444444444,0.4125,0.375,0.375
DREAMER_binary_EEG_VQC,EfficientSU2,6,1,linear,EfficientSU2_n6_r1_linear,20,20,25.35,0.0921,ok,0.6111111111111112,0.577922077922078,0.5833333333333333,0.5785953177257526
DREAMER_binary_EEG_VQC,EfficientSU2,6,1,linear,EfficientSU2_n6_r1_linear,21,21,26.18,0.0975,ok,0.4444444444444444,0.36923076923076925,0.38961038961038963,0.375
DREAMER_binary_EEG_VQC,EfficientSU2,6,1,linear,EfficientSU2_n6_r1_linear,22,22,25.23,0.0954,ok,0.6111111111111112,0.577922077922078,0.5833333333333333,0.5785953177257526
DREAMER_binary_EEG_VQC,EfficientSU2,6,1,linear,EfficientSU2_n6_r1_linear,23,23,25.28,0.0943,ok,0.7222222222222222,0.6846153846153846,0.6666666666666667,0.6727272727272727
DREAMER_binary_EEG_VQC,EfficientSU2,6,1,circular,EfficientSU2_n6_r1_circular,1,1,25.24,0.0906,ok,0.7222222222222222,0.6428571428571428,0.6230769230769231,0.6296296296296295
DREAMER_binary_EEG_VQC,EfficientSU2,6,1,circular,EfficientSU2_n6_r1_circular,2,2,25.34,0.0932,ok,0.7222222222222222,0.75,0.7222222222222222,0.7142857142857142
DREAMER_binary_EEG_VQC,EfficientSU2,6,1,circular,EfficientSU2_n6_r1_circular,3,3,25.4,0.0891,ok,0.3888888888888889,0.4285714285714286,0.44805194805194803,0.37142857142857144
DREAMER_binary_EEG_VQC,EfficientSU2,6,1,circular,EfficientSU2_n6_r1_circular,4,4,24.71,0.0886,ok,0.5,0.41666666666666663,0.4076923076923077,0.4109090909090909
DREAMER_binary_EEG_VQC,EfficientSU2,6,1,circular,EfficientSU2_n6_r1_circular,5,5,25.22,0.0918,ok,0.5,0.43333333333333335,0.4625,0.4109090909090909
DREAMER_binary_EEG_VQC,EfficientSU2,6,1,circular,EfficientSU2_n6_r1_circular,6,6,24.55,0.0974,ok,0.6666666666666666,0.3333333333333333,0.5,0.4
DREAMER_binary_EEG_VQC,EfficientSU2,6,1,circular,EfficientSU2_n6_r1_circular,7,7,25.28,0.0916,ok,0.6111111111111112,0.3055555555555556,0.5,0.3793103448275862
DREAMER_binary_EEG_VQC,EfficientSU2,6,1,circular,EfficientSU2_n6_r1_circular,8,8,25.26,0.0898,ok,0.6666666666666666,0.6233766233766234,0.6461538461538461,0.625
DREAMER_binary_EEG_VQC,EfficientSU2,6,1,circular,EfficientSU2_n6_r1_circular,9,9,24.65,0.0908,ok,0.4444444444444444,0.4444444444444444,0.4307692307692308,0.41558441558441556
DREAMER_binary_EEG_VQC,EfficientSU2,6,1,circular,EfficientSU2_n6_r1_circular,10,10,24.69,0.0925,ok,0.2222222222222222,0.2153846153846154,0.2597402597402597,0.2125
DREAMER_binary_EEG_VQC,EfficientSU2,6,1,circular,EfficientSU2_n6_r1_circular,11,11,25.3,0.0924,ok,0.3888888888888889,0.3333333333333333,0.3441558441558441,0.3377926421404682
DREAMER_binary_EEG_VQC,EfficientSU2,6,1,circular,EfficientSU2_n6_r1_circular,12,12,25.04,0.093,ok,0.5,0.5666666666666667,0.5375,0.4581939799331104
DREAMER_binary_EEG_VQC,EfficientSU2,6,1,circular,EfficientSU2_n6_r1_circular,13,13,25.0,0.0973,ok,0.6111111111111112,0.6076923076923078,0.5875,0.5785953177257526
DREAMER_binary_EEG_VQC,EfficientSU2,6,1,circular,EfficientSU2_n6_r1_circular,14,14,24.78,0.0903,ok,0.5,0.538961038961039,0.5416666666666666,0.4984520123839009
DREAMER_binary_EEG_VQC,EfficientSU2,6,1,circular,EfficientSU2_n6_r1_circular,15,15,24.96,0.0915,ok,0.5555555555555556,0.5584415584415584,0.5555555555555556,0.55
DREAMER_binary_EEG_VQC,EfficientSU2,6,1,circular,EfficientSU2_n6_r1_circular,16,16,25.02,0.0948,ok,0.4444444444444444,0.45833333333333337,0.4625,0.4375
DREAMER_binary_EEG_VQC,EfficientSU2,6,1,circular,EfficientSU2_n6_r1_circular,17,17,25.24,0.0887,ok,0.4444444444444444,0.5538461538461539,0.5538461538461539,0.4444444444444444
DREAMER_binary_EEG_VQC,EfficientSU2,6,1,circular,EfficientSU2_n6_r1_circular,18,18,25.06,0.1625,ok,0.5,0.25,0.5,0.3333333333333333
DREAMER_binary_EEG_VQC,EfficientSU2,6,1,circular,EfficientSU2_n6_r1_circular,19,19,25.07,0.0898,ok,0.7222222222222222,0.6688311688311688,0.7321428571428572,0.6727272727272727
DREAMER_binary_EEG_VQC,EfficientSU2,6,1,circular,EfficientSU2_n6_r1_circular,20,20,25.63,0.0912,ok,0.5555555555555556,0.5375,0.5416666666666667,0.5324675324675324
DREAMER_binary_EEG_VQC,EfficientSU2,6,1,circular,EfficientSU2_n6_r1_circular,21,21,25.03,0.0862,ok,0.5,0.5125,0.512987012987013,0.4984520123839009
DREAMER_binary_EEG_VQC,EfficientSU2,6,1,circular,EfficientSU2_n6_r1_circular,22,22,24.84,0.0967,ok,0.3888888888888889,0.3441558441558441,0.3333333333333333,0.3377926421404682
DREAMER_binary_EEG_VQC,EfficientSU2,6,1,circular,EfficientSU2_n6_r1_circular,23,23,24.85,0.0975,ok,0.4444444444444444,0.425,0.41666666666666663,0.41558441558441556
